id,start,end,attempts,duration
5ecd727a50b0a527adaa2404,2020-05-26 13:47:38,2020-05-26 13:48:10,3,31.466
5ecd73c450b0a527adaa2405,2020-05-26 13:52:44,2020-05-26 13:53:40,5,55.648
5ecd7b87ba16cf11ad23f11b,2020-05-25 21:20:04,2020-05-25 21:21:04,2,60.318
5ecd7b87ba16cf11ad23f11c,2020-05-26 09:02:06,2020-05-26 09:07:47,9,340.81
5ecd7b87ba16cf11ad23f11d,2020-05-25 15:24:27,2020-05-25 15:24:47,1,20.026
5ecd7b87ba16cf11ad23f11e,2020-05-25 14:45:54,2020-05-25 14:46:14,1,20.024
5ecd7b87ba16cf11ad23f11f,2020-05-25 17:21:51,2020-05-25 17:22:52,2,60.135
5ecd7b87ba16cf11ad23f120,2020-05-26 09:27:56,2020-05-26 09:34:17,10,381.073
5ecd7b87ba16cf11ad23f121,2020-05-25 20:49:56,2020-05-25 20:50:16,1,20.022
5ecd7b87ba16cf11ad23f122,2020-05-25 22:06:51,2020-05-25 22:07:51,2,60.284
5ecd7b87ba16cf11ad23f123,2020-05-25 20:09:27,2020-05-25 20:09:47,1,20.025
5ecd7b87ba16cf11ad23f124,2020-05-25 14:59:04,2020-05-25 14:59:24,1,20.024
5ecd7b87ba16cf11ad23f125,2020-05-26 11:01:14,2020-05-26 11:02:14,2,60.112
5ecd7b87ba16cf11ad23f126,2020-05-25 22:36:48,2020-05-25 22:37:48,2,60.135
5ecd7b87ba16cf11ad23f127,2020-05-25 14:39:58,2020-05-25 14:40:18,1,20.014
5ecd7b87ba16cf11ad23f128,2020-05-26 11:23:37,2020-05-26 11:23:57,1,20.019
5ecd7b87ba16cf11ad23f129,2020-05-25 16:17:46,2020-05-25 16:18:06,1,20.017
5ecd7b87ba16cf11ad23f12a,2020-05-25 21:03:39,2020-05-25 21:09:22,9,342.953
5ecd7b87ba16cf11ad23f12b,2020-05-25 19:15:49,2020-05-25 19:16:49,2,60.341
5ecd7b87ba16cf11ad23f12c,2020-05-25 20:27:24,2020-05-25 20:33:46,10,382.177
5ecd7b87ba16cf11ad23f12d,2020-05-25 14:34:34,2020-05-25 14:34:54,1,20.016
5ecd7b87ba16cf11ad23f12e,2020-05-25 21:34:22,2020-05-25 21:34:42,1,20.027
5ecd7b87ba16cf11ad23f12f,2020-05-25 19:04:17,2020-05-25 19:05:17,2,60.239
5ecd7b87ba16cf11ad23f130,2020-05-25 16:25:42,2020-05-25 16:26:02,1,20.014
5ecd7b87ba16cf11ad23f131,2020-05-25 20:00:08,2020-05-25 20:00:28,1,20.033
5ecd7b87ba16cf11ad23f132,2020-05-25 14:06:44,2020-05-25 14:07:04,1,20.018
5ecd7b87ba16cf11ad23f133,2020-05-25 19:51:51,2020-05-25 19:52:11,1,20.023
5ecd7b87ba16cf11ad23f134,2020-05-25 18:42:49,2020-05-25 18:44:29,3,100.253
5ecd7b87ba16cf11ad23f135,2020-05-25 15:39:41,2020-05-25 15:46:02,10,381.09
5ecd7b87ba16cf11ad23f136,2020-05-25 18:38:23,2020-05-25 18:39:23,2,60.301
5ecd7b87ba16cf11ad23f137,2020-05-25 18:21:54,2020-05-25 18:22:14,1,20.066
5ecd7cbf50b0a527adaa2406,2020-05-26 14:31:37,2020-05-26 14:31:59,2,22.018
5ecd7d3050b0a527adaa2407,2020-05-26 14:32:29,2020-05-26 14:33:52,5,83.517
5ecd862f50b0a527adaa2408,2020-05-26 15:11:39,2020-05-26 15:12:15,3,35.586
5ecd8d4d50b0a527adaa2409,2020-05-26 15:42:11,2020-05-26 15:42:37,2,26.03
5ecd9a0550b0a527adaa240a,2020-05-26 16:35:24,2020-05-26 16:36:53,8,88.99
5ece7ff3cf7a5b11dc904b15,2020-05-27 08:57:11,2020-05-27 08:57:55,3,43.916
5ecea1dbcf7a5b11dc904b16,2020-05-27 11:21:34,2020-05-27 11:22:35,3,60.347
5eceb147cf7a5b11dc904b17,2020-05-27 12:27:05,2020-05-27 12:28:23,4,78.247
5ecec3decf7a5b11dc904b18,2020-05-27 13:47:20,2020-05-27 13:47:42,2,21.593
5eced954cf7a5b11dc904b19,2020-05-27 15:14:09,2020-05-27 15:19:16,28,307.068
5ecee890fd8707084445f912,2020-05-27 16:19:39,2020-05-27 16:24:16,15,277.58
5ecee8acfd8707084445f913,2020-05-27 16:19:39,2020-05-27 16:24:44,16,305.204
5eceed4a9a4de7093d397361,2020-05-27 16:44:01,2020-05-27 16:44:26,2,25.6
5ecf10fa9a4de7093d397363,2020-05-27 18:09:16,2020-05-27 19:16:42,4,4045.991
5ecf12649a4de7093d397364,2020-05-27 19:21:18,2020-05-27 19:22:44,8,86.078
5ecf154d9a4de7093d397365,2020-05-27 19:32:48,2020-05-27 19:35:09,2,140.993
5ecf157e9a4de7093d397366,2020-05-27 19:35:41,2020-05-27 19:35:58,2,17.207
5ecf158c9a4de7093d397367,2020-05-27 19:35:41,2020-05-27 19:36:12,4,30.95
5ecf1b259a4de7093d397368,2020-05-27 19:58:54,2020-05-27 20:00:05,10,70.643
5ecfb2a49a4de7093d397369,2020-05-28 06:46:18,2020-05-28 06:46:28,2,10.279
5ed022de63c2a249142410cb,2020-05-28 14:45:07,2020-05-28 14:45:18,2,10.813
5ed03150d9489e55d8836035,2020-05-28 15:45:15,2020-05-28 15:46:56,7,101.26
5ed0320fd9489e55d8836036,2020-05-28 15:49:27,2020-05-28 15:50:07,3,40.771
5ed03344d9489e55d8836037,2020-05-28 15:54:40,2020-05-28 15:55:16,3,35.207
5ed03da6d9489e55d8836038,2020-05-28 16:38:49,2020-05-28 16:39:34,3,44.155
5ed04192d9489e55d8836039,2020-05-28 16:54:44,2020-05-28 16:56:18,10,93.967
5ed0435dd9489e55d883603a,2020-05-28 17:02:51,2020-05-28 17:03:57,4,65.592
5ed048b9d9489e55d883603b,2020-05-28 17:24:58,2020-05-28 17:26:49,6,111.415
5ed04d57d9489e55d883603c,2020-05-28 17:45:30,2020-05-28 17:46:31,3,60.213
5ed051e0d9489e55d883603d,2020-05-28 18:05:04,2020-05-28 18:05:52,3,47.345
5ed05303d9489e55d883603e,2020-05-28 18:09:33,2020-05-28 18:10:43,4,70.132
5ed0543bd9489e55d883603f,2020-05-28 18:15:14,2020-05-28 18:15:55,2,40.531
5ed054ddd9489e55d8836040,2020-05-28 18:17:37,2020-05-28 18:18:37,5,60.394
5ed05b1cd9489e55d8836041,2020-05-28 18:44:45,2020-05-28 18:45:16,2,30.859
5ed05c7dd9489e55d8836042,2020-05-28 18:49:48,2020-05-28 18:51:09,5,80.548
5ed05fa6d9489e55d8836043,2020-05-28 19:03:45,2020-05-28 19:04:38,4,52.967
5ed0664bd9489e55d8836044,2020-05-28 19:30:46,2020-05-28 19:32:59,8,133.078
5ed10e6a60e6202c5173781e,2020-05-29 07:28:43,2020-05-29 07:30:18,6,95.175
5ed10fca60e6202c5173781f,2020-05-29 07:34:20,2020-05-29 07:36:10,7,110.235
5ed1127b60e6202c51737820,2020-05-29 07:46:15,2020-05-29 07:47:39,5,84.08
5ed1487160e6202c51737821,2020-05-29 11:37:38,2020-05-29 11:37:53,2,15.276
5ed1491460e6202c51737822,2020-05-29 11:39:54,2020-05-29 11:40:36,3,42.248
5ed14cda60e6202c51737823,2020-05-29 11:56:12,2020-05-29 11:56:42,2,30.108
5ed1506460e6202c51737824,2020-05-29 12:06:17,2020-05-29 12:11:48,34,330.675
5ed1514560e6202c51737825,2020-05-29 12:15:19,2020-05-29 12:15:33,2,13.566
5ed1516960e6202c51737826,2020-05-29 12:15:19,2020-05-29 12:16:09,4,49.702
5ed1537960e6202c51737827,2020-05-29 12:19:16,2020-05-29 12:24:57,33,340.765
5ed15d6260e6202c51737828,2020-05-29 13:07:02,2020-05-29 13:07:14,2,12.148
5ed1620260e6202c51737829,2020-05-29 13:26:20,2020-05-29 13:26:58,2,37.763
5ed1622d60e6202c5173782a,2020-05-29 13:26:20,2020-05-29 13:27:41,7,80.955
5ed175cb60e6202c5173782b,2020-05-29 14:50:53,2020-05-29 14:51:23,2,30.145
5ed191fef9cab205a75504dc,2020-05-29 16:51:12,2020-05-29 16:51:42,2,30.241
5ed19400f9cab205a75504dd,2020-05-29 16:59:46,2020-05-29 17:00:16,2,30.475
5ed19f64f9cab205a75504de,2020-05-29 17:47:04,2020-05-29 17:48:52,9,108.048
5ed1a4a7f9cab205a75504df,2020-05-29 18:05:31,2020-05-29 18:11:19,32,348.117
5ed1a50cf9cab205a75504e0,2020-05-29 18:12:49,2020-05-29 18:13:00,2,10.408
5ed1a5eff9cab205a75504e1,2020-05-29 18:15:31,2020-05-29 18:16:47,5,76.257
5ed1a93af9cab205a75504e2,2020-05-29 18:30:01,2020-05-29 18:30:50,2,49.418
5ed1a959f9cab205a75504e3,2020-05-29 18:30:01,2020-05-29 18:31:21,4,79.659
5ed1ab4ef9cab205a75504e4,2020-05-29 18:39:27,2020-05-29 18:39:42,2,15.379
5ed1ab82f9cab205a75504e5,2020-05-29 18:40:14,2020-05-29 18:40:34,3,20.381
5ed1ae20f9cab205a75504e6,2020-05-29 18:51:13,2020-05-29 18:51:44,2,31.525
5ed1b08ff9cab205a75504e7,2020-05-29 19:01:17,2020-05-29 19:02:07,4,50.332
5ed1b194f9cab205a75504e8,2020-05-29 19:05:57,2020-05-29 19:06:28,2,31.782
5ed1b3a9f9cab205a75504e9,2020-05-29 19:14:31,2020-05-29 19:15:21,5,49.254
5ed1b3c6f9cab205a75504ea,2020-05-29 19:14:31,2020-05-29 19:15:50,8,78.399
5ed1b6b6f9cab205a75504eb,2020-05-29 19:26:37,2020-05-29 19:28:22,9,105.448
5ed1b810f9cab205a75504ec,2020-05-29 19:33:31,2020-05-29 19:34:08,2,36.816
5ed1bca7f9cab205a75504ed,2020-05-29 19:53:22,2020-05-29 19:53:43,2,21.139
5ed1bda5f9cab205a75504ee,2020-05-29 19:57:25,2020-05-29 19:57:57,4,31.696
5ed1d4d7f9cab205a75504ef,2020-05-29 21:36:15,2020-05-29 21:36:54,2,39.088
5ed1d869f9cab205a75504f0,2020-05-29 21:51:18,2020-05-29 21:52:09,4,51.226
5ed27551f9cab205a75504f1,2020-05-29 21:56:39,2020-05-30 09:01:37,2,39898.133
5ed28f00f9cab205a75504f2,2020-05-30 10:50:12,2020-05-30 10:51:12,7,60.356
5ed290cff9cab205a75504f3,2020-05-30 10:58:45,2020-05-30 10:58:55,2,10.373
5ed29542f9cab205a75504f4,2020-05-30 11:17:14,2020-05-30 11:17:54,5,40.29
5ed2a604f9cab205a75504f5,2020-05-30 12:28:54,2020-05-30 12:29:24,4,30.193
5ed2b4caf9cab205a75504f6,2020-05-30 13:31:55,2020-05-30 13:32:26,2,31.684
5ed2b694f9cab205a75504f7,2020-05-30 13:39:31,2020-05-30 13:40:04,2,33.037
5ed2b6b3f9cab205a75504f8,2020-05-30 13:39:31,2020-05-30 13:40:35,4,63.368
5ed2c5dff9cab205a75504f9,2020-05-30 14:44:56,2020-05-30 14:45:19,2,23.286
5ed2c8e1f9cab205a75504fa,2020-05-30 14:57:33,2020-05-30 14:58:09,3,35.526
5ed2cad0f9cab205a75504fb,2020-05-30 15:06:12,2020-05-30 15:06:24,2,12.272
5ed2ceecf9cab205a75504fc,2020-05-30 15:22:05,2020-05-30 15:23:56,12,110.618
5ed2cf6df9cab205a75504fd,2020-05-30 15:25:26,2020-05-30 15:26:05,2,38.994
5ed2d187f9cab205a75504fe,2020-05-30 15:34:40,2020-05-30 15:35:03,3,23.34
5ed2d194f9cab205a75504ff,2020-05-30 15:34:40,2020-05-30 15:35:16,5,36.273
5ed2d1b5f9cab205a7550500,2020-05-30 15:34:40,2020-05-30 15:35:49,7,69.077
5ed2d8e4f9cab205a7550501,2020-05-30 16:06:04,2020-05-30 16:06:28,2,24.087
5ed2ebfef9cab205a7550502,2020-05-30 17:27:30,2020-05-30 17:27:58,2,28.718
5ed3ae45f9cab205a7550503,2020-05-31 07:15:10,2020-05-31 07:16:53,6,102.317
5ed3e48df9cab205a7550504,2020-05-31 11:07:57,2020-05-31 11:08:29,2,31.875
5ed3ec11f9cab205a7550505,2020-05-31 11:40:12,2020-05-31 11:40:33,3,20.495
5ed3ee95f9cab205a7550506,2020-05-31 11:49:56,2020-05-31 11:51:17,6,80.284
5ed3efa6f9cab205a7550507,2020-05-31 11:54:49,2020-05-31 11:55:50,3,60.669
5ed3fa78f9cab205a7550508,2020-05-31 12:41:40,2020-05-31 12:42:00,3,20.311
5ed3fb33f9cab205a7550509,2020-05-31 12:44:36,2020-05-31 12:45:07,2,31.265
5ed3fe92f9cab205a755050a,2020-05-31 12:57:49,2020-05-31 12:59:30,9,100.245
5ed40b93f9cab205a755050b,2020-05-31 13:54:09,2020-05-31 13:54:59,4,50.137
5ed40bf0f9cab205a755050c,2020-05-31 13:56:04,2020-05-31 13:56:32,3,27.616
5ed40d83f9cab205a755050d,2020-05-31 14:02:05,2020-05-31 14:03:15,6,70.314
5ed40e76f9cab205a755050e,2020-05-31 14:07:17,2020-05-31 14:07:18,2,0.602
5ed412c8f9cab205a755050f,2020-05-31 14:25:32,2020-05-31 14:25:44,2,12.485
5ed41b3df9cab205a7550510,2020-05-31 15:01:29,2020-05-31 15:01:49,2,19.471
5ed41b55f9cab205a7550511,2020-05-31 15:01:29,2020-05-31 15:02:13,5,44.219
5ed41c42f9cab205a7550512,2020-05-31 15:05:45,2020-05-31 15:06:10,3,25.158
5ed41f51f9cab205a7550513,2020-05-31 15:18:03,2020-05-31 15:19:13,4,70.289
5ed4205ff9cab205a7550514,2020-05-31 15:23:14,2020-05-31 15:23:43,2,28.906
5ed42135f9cab205a7550515,2020-05-31 15:26:45,2020-05-31 15:27:17,4,32.306
5ed42183f9cab205a7550516,2020-05-31 15:27:47,2020-05-31 15:28:35,4,47.647
5ed421b2f9cab205a7550517,2020-05-31 15:27:47,2020-05-31 15:29:22,7,94.568
5ed42236f9cab205a7550518,2020-05-31 15:30:54,2020-05-31 15:31:34,3,40.309
5ed42276f9cab205a7550519,2020-05-31 15:32:04,2020-05-31 15:32:38,2,33.595
5ed422a2f9cab205a755051a,2020-05-31 15:33:08,2020-05-31 15:33:22,2,13.74
5ed4298ef9cab205a755051b,2020-05-31 16:02:19,2020-05-31 16:02:54,2,34.912
5ed429b9f9cab205a755051c,2020-05-31 16:02:19,2020-05-31 16:03:37,4,77.951
5ed44418f9cab205a755051d,2020-05-31 17:49:47,2020-05-31 17:56:08,39,380.82
5ed44532f9cab205a755051e,2020-05-31 17:59:40,2020-05-31 18:00:50,5,70.586
5ed4fae4f9cab205a755051f,2020-05-31 20:18:52,2020-06-01 06:56:04,2,38232.131
5ed53083f9cab205a7550520,2020-06-01 10:38:35,2020-06-01 10:44:51,36,375.635
5ed5425df9cab205a7550521,2020-06-01 11:59:37,2020-06-01 12:01:01,7,83.499
5ed542e7f9cab205a7550522,2020-06-01 12:03:03,2020-06-01 12:03:19,2,16.095
5ed54f7cf9cab205a7550523,2020-06-01 12:56:15,2020-06-01 12:57:00,3,45.201
5ed55029f9cab205a7550524,2020-06-01 12:59:31,2020-06-01 12:59:53,3,21.793
5ed55060f9cab205a7550525,2020-06-01 13:00:23,2020-06-01 13:00:48,3,24.957
5ed55741f9cab205a7550526,2020-06-01 13:28:36,2020-06-01 13:30:09,6,93.94
5ed557c7f9cab205a7550527,2020-06-01 13:31:40,2020-06-01 13:32:23,3,43.155
5ed558eff9cab205a7550528,2020-06-01 13:37:01,2020-06-01 13:37:19,2,18.03
5ed5595bf9cab205a7550529,2020-06-01 13:37:52,2020-06-01 13:39:07,6,74.741
5ed55979f9cab205a755052a,2020-06-01 13:37:52,2020-06-01 13:39:37,8,105.065
5ed55bd6f9cab205a755052b,2020-06-01 13:48:41,2020-06-01 13:49:42,3,60.909
5ed56023f9cab205a755052c,2020-06-01 14:07:17,2020-06-01 14:08:03,2,46.135
5ed561daf9cab205a755052d,2020-06-01 14:14:14,2020-06-01 14:15:22,5,67.521
5ed562c5f9cab205a755052e,2020-06-01 14:17:55,2020-06-01 14:19:17,7,82.656
5ed565bbf9cab205a755052f,2020-06-01 14:31:35,2020-06-01 14:31:55,3,20.149
5ed56708f9cab205a7550530,2020-06-01 14:36:58,2020-06-01 14:37:28,2,30.209
5ed567a2f9cab205a7550531,2020-06-01 14:39:32,2020-06-01 14:40:02,4,30.557
5ed56d6cf9cab205a7550532,2020-06-01 15:04:04,2020-06-01 15:04:44,3,40.21
5ed570e3f9cab205a7550533,2020-06-01 15:19:01,2020-06-01 15:19:31,2,30.451
5ed57140f9cab205a7550534,2020-06-01 15:20:34,2020-06-01 15:21:04,4,30.251
5ed57570f9cab205a7550535,2020-06-01 15:33:16,2020-06-01 15:38:56,33,340.058
5ed57f65f9cab205a7550536,2020-06-01 16:20:07,2020-06-01 16:21:25,6,77.867
5ed57fbef9cab205a7550537,2020-06-01 16:22:32,2020-06-01 16:22:54,3,21.18
5ed580d5f9cab205a7550538,2020-06-01 16:27:03,2020-06-01 16:27:33,2,30.137
5ed58429f9cab205a7550539,2020-06-01 16:40:34,2020-06-01 16:41:45,4,70.787
5ed588fdf9cab205a755053a,2020-06-01 17:01:36,2020-06-01 17:02:21,5,45.028
5ed5add4ff0b457597ac37ab,2020-06-01 19:39:14,2020-06-01 19:39:32,2,18.534
5ed604a7ff0b457597ac37ac,2020-06-02 01:44:13,2020-06-02 01:49:59,35,345.619
5ed60b35ff0b457597ac37ad,2020-06-02 02:12:01,2020-06-02 02:17:57,34,355.738
5ed6567dff0b457597ac37ae,2020-06-02 07:38:41,2020-06-02 07:39:09,3,27.73
5ed6568eff0b457597ac37af,2020-06-02 07:38:41,2020-06-02 07:39:26,5,45.04
5ed660e26bab6d197ad935a8,2020-06-02 08:20:24,2020-06-02 08:23:30,19,185.465
5ed6617e6bab6d197ad935a9,2020-06-02 08:25:30,2020-06-02 08:26:06,4,36.225
5ed68b78b71c5720b2fd3455,2020-06-02 11:24:32,2020-06-02 11:25:12,2,40.594
5ed68c73b71c5720b2fd3456,2020-06-02 11:29:13,2020-06-02 11:29:23,2,10.35
5ed6a43eb71c5720b2fd3457,2020-06-02 13:09:34,2020-06-02 13:10:54,9,80.31
5ed6c0bcb71c5720b2fd3458,2020-06-02 15:08:02,2020-06-02 15:12:28,26,265.512
5ed6c921b71c5720b2fd3459,2020-06-02 15:42:31,2020-06-02 15:48:17,35,345.749
5ed6cf69b71c5720b2fd345a,2020-06-02 16:14:23,2020-06-02 16:15:05,5,42.228
5ed6d4f8b71c5720b2fd345b,2020-06-02 16:33:07,2020-06-02 16:38:48,35,340.879
5ed6d593b71c5720b2fd345c,2020-06-02 16:40:53,2020-06-02 16:41:23,3,30.559
5ed6d7adb71c5720b2fd345d,2020-06-02 16:45:25,2020-06-02 16:50:21,30,295.534
5ed6f848b71c5720b2fd345e,2020-06-02 19:08:35,2020-06-02 19:09:28,6,53.257
5ed6f8eab71c5720b2fd345f,2020-06-02 19:11:40,2020-06-02 19:12:10,3,30.095
5ed6fc5bb71c5720b2fd3460,2020-06-02 19:26:19,2020-06-02 19:26:51,3,31.522
5ed6fe73b71c5720b2fd3461,2020-06-02 19:30:52,2020-06-02 19:35:47,30,295.618
5ed6ff73b71c5720b2fd3462,2020-06-02 19:39:48,2020-06-02 19:40:03,2,15.328
5ed70342b71c5720b2fd3463,2020-06-02 19:56:07,2020-06-02 19:56:18,2,10.135
5ed71633b71c5720b2fd3464,2020-06-02 21:16:32,2020-06-02 21:17:07,2,34.881
5ed7b976b71c5720b2fd3465,2020-06-03 08:53:22,2020-06-03 08:53:42,3,20.206
5ed7bb86b71c5720b2fd3466,2020-06-03 09:01:44,2020-06-03 09:02:30,2,45.029
5ed7be61b71c5720b2fd3467,2020-06-03 09:14:31,2020-06-03 09:14:41,2,10.217
5ed7c528b71c5720b2fd3468,2020-06-03 09:42:49,2020-06-03 09:43:36,5,47.004
5ed7c919b71c5720b2fd3469,2020-06-03 09:59:40,2020-06-03 10:00:25,3,45.13
5ed7d196b71c5720b2fd346a,2020-06-03 10:36:28,2020-06-03 10:36:38,2,10.168
5ed7d74eb71c5720b2fd346b,2020-06-03 10:56:41,2020-06-03 11:01:02,22,261.049
5ed7da47b71c5720b2fd346c,2020-06-03 11:13:04,2020-06-03 11:13:43,2,39.067
5ed7ee1bb71c5720b2fd346d,2020-06-03 12:37:56,2020-06-03 12:38:19,3,23.28
5ed7f151b71c5720b2fd346e,2020-06-03 12:50:20,2020-06-03 12:52:01,7,100.544
5ed7f259b71c5720b2fd346f,2020-06-03 12:56:01,2020-06-03 12:56:25,3,24.021
5ed7fb84b71c5720b2fd3470,2020-06-03 13:34:32,2020-06-03 13:35:32,3,60.179
5ed80debb71c5720b2fd3471,2020-06-03 14:53:53,2020-06-03 14:54:03,2,10.154
5ed81d27b71c5720b2fd3472,2020-06-03 15:58:38,2020-06-03 15:59:03,3,25.403
5ed81e2cb71c5720b2fd3473,2020-06-03 16:03:04,2020-06-03 16:03:24,2,20.753
5ed821a8b71c5720b2fd3474,2020-06-03 16:17:31,2020-06-03 16:18:16,3,45.365
5ed82234b71c5720b2fd3475,2020-06-03 16:20:21,2020-06-03 16:20:36,2,15.315
5ed8256bb71c5720b2fd3476,2020-06-03 16:32:51,2020-06-03 16:34:19,8,87.961
5ed82baeb71c5720b2fd3477,2020-06-03 17:00:22,2020-06-03 17:01:02,5,40.249
5ed83000b71c5720b2fd3478,2020-06-03 17:19:05,2020-06-03 17:19:28,2,23.589
5ed83028b71c5720b2fd3479,2020-06-03 17:19:05,2020-06-03 17:20:08,4,62.672
5ed8312bb71c5720b2fd347a,2020-06-03 17:24:08,2020-06-03 17:24:27,2,18.746
5ed83822b71c5720b2fd347b,2020-06-03 17:50:29,2020-06-03 17:54:10,23,220.511
5ed83b05b71c5720b2fd347c,2020-06-03 18:06:13,2020-06-03 18:06:29,2,15.27
5ed83c4fb71c5720b2fd347d,2020-06-03 18:10:29,2020-06-03 18:11:59,6,90.234
5ed858b4b71c5720b2fd347e,2020-06-03 20:12:43,2020-06-03 20:13:08,2,24.384
5ed867f9b71c5720b2fd347f,2020-06-03 21:17:17,2020-06-03 21:18:17,3,60.253
5ed86da6b71c5720b2fd3480,2020-06-03 21:38:19,2020-06-03 21:42:30,26,250.646
5ed910d3b71c5720b2fd3481,2020-06-04 09:18:21,2020-06-04 09:18:43,3,21.925
5ed914d4b71c5720b2fd3482,2020-06-04 09:30:52,2020-06-04 09:35:48,30,295.624
5ed91575b71c5720b2fd3483,2020-06-04 09:37:48,2020-06-04 09:38:29,3,40.487
5ed91ab4b71c5720b2fd3484,2020-06-04 10:00:31,2020-06-04 10:00:52,3,20.153
5ed924f4b71c5720b2fd3485,2020-06-04 10:38:56,2020-06-04 10:44:36,35,340.815
5ed92fd0b71c5720b2fd3486,2020-06-04 11:24:41,2020-06-04 11:30:56,36,375.651
5ed93b022250e030bd302150,2020-06-04 12:17:52,2020-06-04 12:18:42,5,50.262
5ed93bfe2250e030bd302151,2020-06-04 12:21:43,2020-06-04 12:22:54,5,70.652
5ed946b0408403347cc9c94d,2020-06-04 13:08:12,2020-06-04 13:08:32,3,20.217
5ed95299408403347cc9c94e,2020-06-04 13:58:56,2020-06-04 13:59:21,3,25.218
5ed953f4408403347cc9c94f,2020-06-04 14:04:08,2020-06-04 14:05:08,5,60.273
5ed95489408403347cc9c950,2020-06-04 14:06:12,2020-06-04 14:07:37,6,85.476
5ed970dfad3092397ca5befa,2020-06-04 16:08:20,2020-06-04 16:08:31,2,10.231
5ed97161ad3092397ca5befb,2020-06-04 16:10:31,2020-06-04 16:10:41,2,10.199
5ed9769ead3092397ca5befc,2020-06-04 16:32:51,2020-06-04 16:33:02,2,11.565
5ed976c8ad3092397ca5befd,2020-06-04 16:32:51,2020-06-04 16:33:44,6,53.147
5ed976daad3092397ca5befe,2020-06-04 16:32:51,2020-06-04 16:34:02,8,71.581
5ed9908ead3092397ca5beff,2020-06-04 18:22:26,2020-06-04 18:23:42,3,75.51
5ed99c76ad3092397ca5bf00,2020-06-04 19:13:50,2020-06-04 19:14:30,4,40.097
5eda82a592d5e94e24e7bbdd,2020-06-05 11:35:36,2020-06-05 11:36:37,7,60.403
5eda99f492d5e94e24e7bbde,2020-06-05 13:14:55,2020-06-05 13:16:04,6,69.358
5edaa49692d5e94e24e7bbdf,2020-06-05 13:56:11,2020-06-05 14:01:26,32,315.822
5edaa65e92d5e94e24e7bbe0,2020-06-05 14:03:27,2020-06-05 14:09:02,34,335.612
5edaa93a92d5e94e24e7bbe1,2020-06-05 14:21:03,2020-06-05 14:21:14,2,10.747
5edaae1792d5e94e24e7bbe2,2020-06-05 14:41:19,2020-06-05 14:41:59,5,40.412
5edae16792d5e94e24e7bbe3,2020-06-05 18:20:35,2020-06-05 18:20:55,2,20.221
5edae4c992d5e94e24e7bbe4,2020-06-05 18:35:00,2020-06-05 18:35:21,3,20.223
5edae5d292d5e94e24e7bbe5,2020-06-05 18:39:21,2020-06-05 18:39:46,3,25.195
5edbe73f3147c505542709b1,2020-06-06 12:52:56,2020-06-06 12:58:07,30,310.593
5edc0ce33147c505542709b2,2020-06-06 15:37:09,2020-06-06 15:38:43,10,94.099
5edc1a9d3147c505542709b3,2020-06-06 16:35:24,2020-06-06 16:37:17,8,112.972
5edc1aae3147c505542709b4,2020-06-06 16:35:24,2020-06-06 16:37:34,10,129.944
5edc216a3147c505542709b5,2020-06-06 17:05:50,2020-06-06 17:06:18,3,28.165
5edc24f53147c505542709b6,2020-06-06 17:20:19,2020-06-06 17:21:25,6,65.667
5edc7d773147c505542709b7,2020-06-06 23:38:28,2020-06-06 23:39:03,4,35.297
5edc83bd3147c505542709b8,2020-06-07 00:05:09,2020-06-07 00:05:49,5,40.271
5edc8e6c3147c505542709b9,2020-06-07 00:45:54,2020-06-07 00:51:24,32,330.697
5edcb0c23147c505542709ba,2020-06-07 03:17:39,2020-06-07 03:17:54,2,15.148
5edcb1913147c505542709bb,2020-06-07 03:19:55,2020-06-07 03:21:21,7,85.895
5edce45c3147c505542709bc,2020-06-07 06:57:47,2020-06-07 06:58:04,2,16.527
5edce4763147c505542709bd,2020-06-07 06:57:47,2020-06-07 06:58:30,5,43.044
5edcf8bc3147c505542709be,2020-06-07 08:18:40,2020-06-07 08:25:00,39,380.79
5edcfe833147c505542709bf,2020-06-07 08:49:02,2020-06-07 08:49:39,2,36.439
5edcfe933147c505542709c0,2020-06-07 08:49:02,2020-06-07 08:49:55,4,52.675
5edd06393147c505542709c1,2020-06-07 09:22:12,2020-06-07 09:22:33,3,20.685
5edd0c0b3147c505542709c2,2020-06-07 09:46:48,2020-06-07 09:47:23,4,35.217
5edd16173147c505542709c3,2020-06-07 10:29:37,2020-06-07 10:30:15,2,38.409
5edd1af63147c505542709c4,2020-06-07 10:44:36,2020-06-07 10:51:02,39,385.92
5edd1b893147c505542709c5,2020-06-07 10:53:02,2020-06-07 10:53:29,3,26.909
5edd26623147c505542709c6,2020-06-07 11:39:34,2020-06-07 11:39:46,2,11.322
5edd27fd3147c505542709c7,2020-06-07 11:45:47,2020-06-07 11:46:37,2,50.401
5edd30133147c505542709c8,2020-06-07 12:20:42,2020-06-07 12:21:07,3,25.419
5edd35643147c505542709c9,2020-06-07 12:43:17,2020-06-07 12:43:48,4,30.239
5edd42dd3147c505542709ca,2020-06-07 13:40:08,2020-06-07 13:41:17,5,68.985
5edd44d33147c505542709cb,2020-06-07 13:49:18,2020-06-07 13:49:39,3,20.21
5edd4a073147c505542709cc,2020-06-07 14:07:41,2020-06-07 14:11:51,26,250.541
5edd4a9b3147c505542709cd,2020-06-07 14:13:51,2020-06-07 14:14:19,3,27.68
5edd53d53147c505542709ce,2020-06-07 14:48:25,2020-06-07 14:53:41,32,315.535
5edd62aa3147c505542709cf,2020-06-07 15:55:47,2020-06-07 15:56:58,6,71.102
5edd68f23147c505542709d0,2020-06-07 16:19:10,2020-06-07 16:23:46,28,275.741
5edd6f953147c505542709d1,2020-06-07 16:51:49,2020-06-07 16:52:05,2,16.731
5edd72723147c505542709d2,2020-06-07 17:04:07,2020-06-07 17:04:18,2,11.79
5edd74913147c505542709d3,2020-06-07 17:12:19,2020-06-07 17:13:21,5,61.542
5edd82d53147c505542709d4,2020-06-07 18:07:45,2020-06-07 18:14:13,39,388.298
5edd892c3147c505542709d5,2020-06-07 18:40:20,2020-06-07 18:41:16,6,56.258
5edd8a703147c505542709d6,2020-06-07 18:45:17,2020-06-07 18:46:40,8,82.483
5edd8cd93147c505542709d7,2020-06-07 18:56:41,2020-06-07 18:56:57,2,15.324
5edd90a83147c505542709d8,2020-06-07 19:13:01,2020-06-07 19:13:12,2,11.466
5edd912c3147c505542709d9,2020-06-07 19:15:12,2020-06-07 19:15:24,2,11.485
5edd94473147c505542709da,2020-06-07 19:27:28,2020-06-07 19:28:39,8,71.58
5edd9bf03147c505542709db,2020-06-07 19:50:49,2020-06-07 20:01:20,54,630.806
5edd9cf53147c505542709dc,2020-06-07 20:05:20,2020-06-07 20:05:41,3,20.3
5eddaac83147c505542709dd,2020-06-07 21:03:52,2020-06-07 21:04:40,5,47.695
5ede4cc63147c505542709de,2020-06-08 08:35:10,2020-06-08 08:35:50,4,39.883
5ede4d053147c505542709df,2020-06-08 08:35:10,2020-06-08 08:36:53,9,102.815
5ede58d13147c505542709e0,2020-06-08 09:27:03,2020-06-08 09:27:13,2,10.345
5ede60153147c505542709e1,2020-06-08 09:57:27,2020-06-08 09:58:13,2,46.188
5ede73bd3147c505542709e2,2020-06-08 11:21:05,2020-06-08 11:22:05,5,60.532
5ede7cdd3147c505542709e3,2020-06-08 11:56:10,2020-06-08 12:01:01,30,290.641
5ede89243147c505542709e4,2020-06-08 12:53:13,2020-06-08 12:53:24,2,11.237
5ede8e613147c505542709e5,2020-06-08 13:15:27,2020-06-08 13:15:45,2,18.633
5ede96f03147c505542709e6,2020-06-08 13:52:01,2020-06-08 13:52:16,2,15.006
5ede998f3147c505542709e7,2020-06-08 14:02:35,2020-06-08 14:03:27,6,51.28
5edea92c3147c505542709e8,2020-06-08 15:09:34,2020-06-08 15:10:04,4,30.167
5edeb8ab3147c505542709e9,2020-06-08 16:16:11,2020-06-08 16:16:11,2,0.366
5eded39a3147c505542709ea,2020-06-08 18:10:24,2020-06-08 18:11:06,5,41.636
5eded3a83147c505542709eb,2020-06-08 18:10:24,2020-06-08 18:11:20,7,55.507
5edeedda3147c505542709ec,2020-06-08 19:57:51,2020-06-08 20:03:06,32,315.536
5edef0262e6dae44b0c3bcf6,2020-06-08 20:11:11,2020-06-08 20:12:54,3,102.866
5edef29b26904745a294e820,2020-06-08 20:17:02,2020-06-08 20:23:23,36,380.813
5edef40f26904745a294e821,2020-06-08 20:28:25,2020-06-08 20:29:35,2,70.241
5edfc63f373d2477cac621e9,2020-06-09 11:26:23,2020-06-09 11:32:04,33,340.586
5edfef3121399c15c634985f,2020-06-09 14:21:05,2020-06-09 14:21:15,2,10.031
5edff93621399c15c6349860,2020-06-09 15:03:50,2020-06-09 15:04:10,3,20.043
5edff9f321399c15c6349861,2020-06-09 15:06:59,2020-06-09 15:08:29,5,90.061
5edffaee21399c15c6349862,2020-06-09 15:11:10,2020-06-09 15:12:30,4,80.056
5edffd9e4966c42012d80881,2020-06-09 15:22:38,2020-06-09 15:23:33,6,55.097
5edffede4966c42012d80882,2020-06-09 15:27:58,2020-06-09 15:27:58,1,0
5edfffe04966c42012d80883,2020-06-09 15:32:16,2020-06-09 15:32:46,4,30.067
5ee003454966c42012d80884,2020-06-09 15:46:45,2020-06-09 15:47:15,4,30.068
5ee0062e4966c42012d80885,2020-06-09 15:59:10,2020-06-09 16:00:21,9,70.832
5ee008474966c42012d80886,2020-06-09 16:08:07,2020-06-09 16:08:22,2,15.026
5ee00acb4966c42012d80887,2020-06-09 16:18:51,2020-06-09 16:25:01,38,370.737
5ee00e6c4966c42012d80888,2020-06-09 16:34:20,2020-06-09 16:35:11,6,50.088
5ee019a7a71cb02e6fc279ad,2020-06-09 17:22:15,2020-06-09 17:24:31,13,135.24
5ee01ab6a71cb02e6fc279ae,2020-06-09 17:26:46,2020-06-09 17:26:46,1,0
5ee01bb7a71cb02e6fc279af,2020-06-09 17:31:03,2020-06-09 17:32:13,3,70.027
5ee022aaa71cb02e6fc279b0,2020-06-09 18:00:42,2020-06-09 18:01:12,4,30.066
5ee022f3a71cb02e6fc279b1,2020-06-09 18:01:55,2020-06-09 18:01:55,1,0
5ee02436a71cb02e6fc279b2,2020-06-09 18:07:18,2020-06-09 18:13:03,35,345.695
5ee0275fa71cb02e6fc279b3,2020-06-09 18:20:47,2020-06-09 18:21:07,3,20.045
5ee0294fa71cb02e6fc279b4,2020-06-09 18:29:03,2020-06-09 18:29:03,1,0
5ee02b81a71cb02e6fc279b5,2020-06-09 18:38:25,2020-06-09 18:38:35,2,10.019
5ee02c1ba71cb02e6fc279b6,2020-06-09 18:40:59,2020-06-09 18:40:59,1,0
5ee02ca4a71cb02e6fc279b7,2020-06-09 18:43:16,2020-06-09 18:44:36,10,80.151
5ee02e32a71cb02e6fc279b8,2020-06-09 18:49:54,2020-06-09 18:57:35,47,460.855
5ee03fa240289e3e663c4aa4,2020-06-09 20:04:18,2020-06-09 20:11:39,48,441.666
5ee043a70569f44313eae22e,2020-06-09 20:21:27,2020-06-09 20:21:42,2,15.036
5ee0456c0569f44313eae22f,2020-06-09 20:29:00,2020-06-09 20:29:30,3,30.043
5ee047a10569f44313eae230,2020-06-09 20:38:25,2020-06-09 20:43:49,34,324.446
5ee0d6a07e36284e32088fba,2020-06-10 06:48:32,2020-06-10 06:54:23,36,350.761
5ee0ef4b7e36284e32088fbb,2020-06-10 08:33:47,2020-06-10 08:40:08,39,380.769
5ee0f4017e36284e32088fbc,2020-06-10 08:53:53,2020-06-10 08:55:13,9,80.16
5ee10bee7e36284e32088fbd,2020-06-10 10:35:58,2020-06-10 10:35:58,1,0
5ee1107d7e36284e32088fbe,2020-06-10 10:55:25,2020-06-10 10:57:16,11,110.166
5ee111e87e36284e32088fbf,2020-06-10 11:01:28,2020-06-10 11:02:48,8,80.151
5ee1129c7e36284e32088fc0,2020-06-10 11:04:28,2020-06-10 11:04:58,4,30.06
5ee117067e36284e32088fc1,2020-06-10 11:23:18,2020-06-10 11:26:24,14,185.256
5ee118a07e36284e32088fc2,2020-06-10 11:30:08,2020-06-10 11:34:48,29,280.507
5ee127d87e36284e32088fc3,2020-06-10 12:35:04,2020-06-10 12:36:04,7,60.099
5ee12cdb7e36284e32088fc4,2020-06-10 12:56:27,2020-06-10 12:56:37,2,10.016
5ee12db07e36284e32088fc5,2020-06-10 13:00:00,2020-06-10 13:00:20,3,20.035
5ee13c6b7e36284e32088fc6,2020-06-10 14:02:51,2020-06-10 14:04:01,8,70.136
5ee13fb37e36284e32088fc7,2020-06-10 14:16:51,2020-06-10 14:17:21,4,30.053
5ee15329f74cdc715d46bfb0,2020-06-10 15:39:53,2020-06-10 15:41:03,8,70.077
5ee15740f74cdc715d46bfb1,2020-06-10 15:57:20,2020-06-10 15:57:50,3,30.036
5ee157eaf74cdc715d46bfb2,2020-06-10 16:00:10,2020-06-10 16:00:10,1,0
5ee1596af74cdc715d46bfb3,2020-06-10 16:06:34,2020-06-10 16:11:25,30,290.475
5ee15c7df74cdc715d46bfb4,2020-06-10 16:19:41,2020-06-10 16:20:51,8,70.101
5ee16456f74cdc715d46bfb5,2020-06-10 16:53:10,2020-06-10 16:58:00,30,290.446
5ee16678f74cdc715d46bfb6,2020-06-10 17:02:16,2020-06-10 17:02:26,2,10.016
5ee1695ef74cdc715d46bfb7,2020-06-10 17:14:38,2020-06-10 17:18:59,27,260.381
5ee17109f74cdc715d46bfb8,2020-06-10 17:47:21,2020-06-10 17:48:01,5,40.051
5ee17e09f74cdc715d46bfb9,2020-06-10 18:42:49,2020-06-10 18:42:49,1,0
5ee1806ff74cdc715d46bfba,2020-06-10 18:53:03,2020-06-10 18:53:23,3,20.031
5ee18272f74cdc715d46bfbb,2020-06-10 19:01:38,2020-06-10 19:06:39,31,300.395
5ee1932af74cdc715d46bfbc,2020-06-10 20:12:58,2020-06-10 20:18:39,35,340.503
